Name;Fueltype;Technology;Set;DateIn;DateOut;Country;City;Capacity;Efficiency;lat;lon;CHP_MaxHeat
Farge Bremen;COAL;COAL_ST_f2000;PP;1970;;Germany;Bremen;350;0,46;53,20225516;8,517052748;26
Staudinger5 Grosskrotzenburg;COAL;COAL_ST_b1999;PP;1992;;Germany;Grosskrotzenburg;510;0,403;50,08805295;8,952219924;300
Zolling Block 5;COAL;COAL_ST_EXC_b1989;CHP;1986;;Germany;Zolling;472;0,363;48,45499893;11,79899413;150
GKHBlock1 Hannover;COAL;COAL_ST_BKP_b1983;CHP;1989;;Germany;Hannover;136;0,245;52,41261664;9,667109701;212,5
GKHBlock2 Hannover;COAL;COAL_ST_BKP_b1983;CHP;1989;;Germany;Hannover;136;0,245;52,41261664;9,667109701;212,5
KW HafenBlock 6 Bremen;COAL;COAL_ST_EXC_b1983;CHP;1979;;Germany;Bremen;300;0,329;53,12505143;8,728690667;39
KW HastedtBlock 15 Bremen;COAL;COAL_ST_EXC_b1989;CHP;1989;;Germany;Bremen;119;0,363;53,0604439;8,864734993;170
HKW WestBlock 2 Frankfurt am Main;COAL;COAL_ST_EXC_b1989;CHP;1989;;Germany;Frankfurt am Main;61,5;0,363;50,098294;8,653205;105
HKW WestBlock 3 Frankfurt am Main;COAL;COAL_ST_EXC_b1989;CHP;1989;;Germany;Frankfurt am Main;61,5;0,363;50,098294;8,653205;105
HKW ErlangenK6 DT2;COAL;COAL_ST_BKP_b1983;CHP;1980;;Germany;Erlangen;17,4;0,245;49,5878361;11,01206652;159,4
HKW-MitteBlock 1  Braunschweig;COAL;COAL_ST_EXC_b1989;CHP;1984;;Germany;Braunschweig;43,3;0,363;52,28190718;10,53546889;318,5
Heizkraftwerk FLBlock 11 Flensburg;COAL;COAL_ST_BKP_b1983;CHP;1992;;Germany;Flensburg;31;0,245;54,80439976;9,418993401;72
Heizkraftwerk FLBlock 10 Flensburg;COAL;COAL_ST_BKP_b1983;CHP;1988;;Germany;Flensburg;33;0,245;54,80439976;9,418993401;72
Heizkraftwerk FLBlock 9 Flensburg;COAL;COAL_ST_EXC_b1989;CHP;1985;;Germany;Flensburg;33;0,363;54,80439976;9,418993401;72
Heizkraftwerk Offenbach;COAL;COAL_ST_EXC_b1989;CHP;1990;;Germany;Offenbach;54;0,363;50,10843367;8,747088252;160
Steinbeis EnergieKohlekessel Glueckstadt;COAL;COAL_ST_EXC_f2000;CHP;2010;;Germany;Glueckstadt;17;0,42;53,79561771;9,43539156;8,032552
Werk Uelzen;COAL;COAL_ST_EXC_b1989;CHP;1990;;Germany;Uelzen;40;0,363;52,97190776;10,56642912;18,90012
Heizkraftwerk HeilbronnHLB 7;COAL;COAL_ST_EXC_b1989;CHP;1985;;Germany;Heilbronn;778;0,363;49,17733443;9,206318444;550
Rheinhafen-DampfkraftwerkRDK 7 Karlsruhe;COAL;COAL_ST_EXC_f2000;CHP;1985;;Germany;Karlsruhe;517;0,42;49,01250435;8,30277302;220
Rheinhafendampfkraftwerk Bl. 8RDK 8 Karlsruhe;COAL;COAL_ST_EXC_f2000;CHP;2014;;Germany;Karlsruhe;842;0,42;49,013484;8,305264;220
GKM Block 7 Mannheim;COAL;COAL_ST_EXC_b1983;CHP;1982;;Germany;Mannheim;425;0,329;49,44569237;8,490450296;250
GKM Block 8 Mannheim;COAL;COAL_ST_EXC_b1999;CHP;1993;;Germany;Mannheim;435;0,383;49,44569237;8,490450296;121,2
GKMBlock 9 Mannheim;COAL;COAL_ST_EXC_f2000;CHP;2015;;Germany;Mannheim;843;0,42;;;391,7769
Heizkraftwerk Altbach/DeizisauALT HKW 2 (DT Solob;COAL;COAL_ST_EXC_b1999;CHP;1997;;Germany;Altbach;336;0,383;48,7176154;9,374916464;280
Heizkraftwerk Stuttgart-GaisburgGAI DT 14 neu;COAL;COAL_ST_EXC_f2000;CHP;2009;;Germany;Stuttgart;10,5;0,42;48,81819098;9,201834054;273
Restmuell-Heizkraftwerk Stuttgart-MuensterMueN DT12;COAL;COAL_ST_EXC_b1989;CHP;1982;;Germany;Stuttgart;45;0,363;48,81819098;9,201834054;183,6986
Restmuell-Heizkraftwerk Stuttgart-MuensterMueN DT15;COAL;COAL_ST_EXC_b1989;CHP;1984;;Germany;Stuttgart;45;0,363;48,81819098;9,201834054;183,6986
Heizkraftwerk Magirusstrasse Ulm;COAL;COAL_ST_EXC_b1983;CHP;1978;;Germany;Ulm;20,7;0,329;48,39391632;9,969041719;9,780813
Koehler Energie GmbH Oberkirch;COAL;COAL_ST_EXC_b1989;CHP;1986;;Germany;Oberkirch;18,5;0,363;48,52299986;8,067729772;8,741306
BergkamenA;COAL;COAL_ST_EXC_b1983;CHP;1981;;Germany;Bergkamen;717;0,329;51,6370289;7,618958627;20
Kraftwerk I  Block 4  Marl;COAL;COAL_ST_EXC_b1983;CHP;1971;;Germany;Marl;55,25;0,329;51,68786566;7,115999099;199
Kraftwerk I Block 5  Marl;COAL;COAL_ST_BKP_b1999;CHP;1983;;Germany;Marl;60,2;0,29;51,68786566;7,115999099;127,4066
Datteln4;COAL;COAL_ST_EXC_f2000;CHP;2018;;Germany;Datteln;1055;0,42;51,62962468;7,331363972;380
HeizkraftwerkHKV Voelklingen-Fenne;COAL;COAL_ST_EXC_b1983;CHP;1989;;Germany;Voelklingen-Fenne;211;0,329;49,248475;6,880063;185
ModellkraftwerkMKV Voelklingen-Fenne;COAL;COAL_ST_EXC_b1989;CHP;1982;;Germany;Voelklingen-Fenne;179;0,363;49,22003227;6,805302312;236
KW HerneHerne 4;COAL;COAL_ST_EXC_b1989;CHP;1989;;Germany;Herne;449;0,363;51,55139053;7,188889255;550
IbbenbuerenB;COAL;COAL_ST_b1979;PP;1985;;Germany;Ibbenbueren;794;0,349;52,28666712;7,746382527;375,1674
KW LuenenLuenen 7;COAL;COAL_ST_EXC_b1969;CHP;1970;;Germany;Luenen;324;0,303;51,61444105;7,481388001;153,091
KW WalsumWalsum 9 Duisburg;COAL;COAL_ST_EXC_b1989;CHP;1988;;Germany;Duisburg;370;0,363;51,5286276;6,711759686;295
HKW RoemerbrueckeKohleanlage Saarbruecken;COAL;COAL_ST_EXC_b1989;CHP;1988;;Germany;Saarbruecken;50;0,363;49,23058998;7,041957952;235
Trianel Kohlekraftwerk Luenen;COAL;COAL_ST_EXC_f2000;CHP;2013;;Germany;Luenen;735;0,42;51,61444105;7,481388001;35
Reno De MediciHD - Kraftwerk Arnsberg;COAL;COAL_ST_EXC_b1969;CHP;1970;;Germany;Arnsberg;19,1;0,303;51,3862049;8,052025815;8,876557
Heizkraftwerk der Sappi Stockstadt GmbHKonvention;COAL;COAL_ST_EXC_b1969;CHP;1970;;Germany;Stockstadt;24,79;0,303;49,97582748;9,051137777;11,52094
HeizkraftwerkBlock B Industriepark Hoechst;COAL;COAL_ST_EXC_b1989;CHP;1989;;Germany;Industriepark Hoechst;66;0,363;50,091284;8,530071;139,6816
Industrie-Kraftwerk Rheinberg;COAL;COAL_ST_EXC_f2000;CHP;1975;;Germany;Rheinberg;79;0,42;51,55649422;6,609795335;36,71456
HKW Karcherstr.20 Kaiserslautern;COAL;COAL_ST_EXC_b1999;CHP;1996;;Germany;Kaiserslautern;13,4;0,383;49,43890458;7,769435647;6,227532
Kraftwerk IDampfwirtschaft (6 Einzelturbinen) Mar;COAL;COAL_ST_EXC_b1969;CHP;1970;;Germany;Marl;169,32;0,303;;;262
Kraftwerk L 57 Krefeld-Uerdingen;COAL;COAL_ST_EXC_b1969;CHP;1970;;Germany;Krefeld-Uerdingen;26;0,303;51,368639;6,652857;55,0261
KNG Kraftwerk RostockRostock;COAL;COAL_ST_EXC_b1999;CHP;1994;;Germany;Rostock;508;0,383;54,141033;12,131374;150
Tiefstack Hamburg;COAL;COAL_ST_BKP_b1999;CHP;1993;;Germany;Hamburg;194;0,29;53,526442;10,064222;785
MoorburgB Hamburg;COAL;COAL_ST_EXC_f2000;CHP;2014;;Germany;Hamburg;800;0,42;53,49000252;9,951659995;385,7352
MoorburgA Hamburg;COAL;COAL_ST_EXC_f2000;CHP;2015;;Germany;Hamburg;800;0,42;53,49000252;9,951659995;385,7352
Moabit A Berlin;COAL;COAL_ST_BKP_b1999;CHP;1990;;Germany;Berlin;89;0,29;52,54290386;13,35215767;240
Reuter West D Berlin;COAL;COAL_ST_EXC_b1989;CHP;1987;;Germany;Berlin;282;0,363;52,534709;13,242311;387
Reuter West E Berlin;COAL;COAL_ST_EXC_b1989;CHP;1988;;Germany;Berlin;282;0,363;52,534709;13,242311;387
MiROKesselhaus Werk 1 Karlsruhe;FUELOIL;LCVG_ST_EXC_f2000;CHP;1995;;Germany;Karlsruhe;45;0,36;49,04250368;8,338301036;40
MiROKesselhaus Werk 2 Karlsruhe;FUELOIL;LCVG_ST_EXC_f2000;CHP;1995;;Germany;Karlsruhe;25;0,36;49,04250368;8,338301036;40
Raffineriekraftwerk Koeln Godorf;FUELOIL;OIL_CC_BKP_f2000;CHP;2004;;Germany;Koeln;114,4;0,47;50,86637904;6,953082662;235
IKS PCK SchwedtBlock 1 SE 1;FUELOIL;OIL_CC_BKP_b1999;CHP;1998;;Germany;PCK Schwedt;106;0,41;53,09787775;14,2721243;132
IKS PCK SchwedtBlock 2 SE 2;FUELOIL;OIL_CC_BKP_b1999;CHP;1998;;Germany;PCK Schwedt;106;0,41;53,09787775;14,2721243;58,3
IKS PCK SchwedtBlock 5 SE 5;FUELOIL;OIL_ST_BKP_b1969;CHP;1972;;Germany;PCK Schwedt;28;0,205;53,09787775;14,2721243;15,4
Raffineriekraftwerk Leuna;FUELOIL;OIL_CC_BKP_b1999;CHP;1997;;Germany;Leuna;92,5;0,41;51,30788205;12,01430528;208
FKK Kassel;LIGNITE;LIGN_ST_BKP;CHP;1988;;Germany;Kassel;33,5;0,22;51,28351901;9,464256806;80
NeurathD Grevenbroich-Neurath;LIGNITE;LIGN_ST_EXC_f2000;CHP;1975;;Germany;Grevenbroich-Neurath;607;0,315;51,03947259;6,615034049;4,5
NeurathE Grevenbroich-Neurath;LIGNITE;LIGN_ST_EXC_b1983;CHP;1976;;Germany;Grevenbroich-Neurath;604;0,225;51,03947259;6,615034049;4,5
NiederaussemG Bergheim;LIGNITE;LIGN_ST_EXC_b1969;CHP;1974;;Germany;Bergheim;628;0,21;50,99569172;6,66904478;245
WeisweilerG Eschweiler-Weisweiler;LIGNITE;LIGN_ST_EXC_b1969;CHP;1974;;Germany;Eschweiler-Weisweiler;663;0,21;50,83916783;6,321108542;91,5
WeisweilerH Eschweiler-Weisweiler;LIGNITE;LIGN_ST_EXC_f2000;CHP;1975;;Germany;Eschweiler-Weisweiler;656;0,315;50,83916783;6,321108542;91,5
HKW Sachtleben Duisburg;LIGNITE;LIGN_ST_EXC_b1969;CHP;1970;;Germany;Duisburg;27,5;0,21;51,45324812;6,698144801;10
HKW MerkenichBlock 6 Koeln;LIGNITE;LIGN_ST_EXC_f2000;CHP;2010;;Germany;Koeln;75,3;0,315;51,04694896;6,877611699;76
P&L Werk JuelichKessel 5;LIGNITE;LIGN_ST_BKP;CHP;2004;;Germany;Juelich;23,2;0,22;50,92867969;6,366920008;120
Frechen/Wachtberg;LIGNITE;LIGN_ST_EXC_b1969;CHP;1970;;Germany;Frechen;176;0,21;50,91435933;6,787563925;251
HKW Cottbus1;LIGNITE;LIGN_ST_EXC_b1999;CHP;1999;;Germany;Cottbus;74;0,27;51,76223042;14,42936344;80
Heizkraftwerk FFOBlock1-GuD-EK Frankfurt Oder;LIGNITE;LIGN_ST_EXC_b1999;CHP;1997;;Germany;Frankfurt Oder;45;0,27;52,33041368;14,43133141;80
KW JaenschwaldeA Peitz;LIGNITE;LIGN_ST_EXC_b1989;CHP;1981;;Germany;Peitz;465;0,255;51,83425399;14,457728;76,3
KW JaenschwaldeB Peitz;LIGNITE;LIGN_ST_EXC_b1989;CHP;1982;;Germany;Peitz;465;0,255;51,83425399;14,457728;76,3
KW JaenschwaldeC Peitz;LIGNITE;LIGN_ST_EXC_b1989;CHP;1984;;Germany;Peitz;465;0,255;51,83425399;14,457728;76,3
KW JaenschwaldeD Peitz;LIGNITE;LIGN_ST_EXC_b1989;CHP;1985;;Germany;Peitz;465;0,255;51,83425399;14,457728;58
Schwarze PumpeA Spremberg;LIGNITE;LIGN_ST_EXC_b1999;CHP;1997;;Germany;Spremberg;750;0,27;51,5361461;14,353806;60
Schwarze PumpeB Spremberg;LIGNITE;LIGN_ST_EXC_b1999;CHP;1998;;Germany;Spremberg;750;0,27;51,5361461;14,353806;60
Klingenberg Berlin;LIGNITE;LIGN_ST_EXC_b1989;CHP;1981;2029;Germany;Berlin;164;0,255;52,49924632;13,49188392;590
SchkopauA;LIGNITE;LIGN_ST_BKP;CHP;1996;;Germany;Schkopau;450;0,22;51,40111319;11,95082859;100
Waehlitz;LIGNITE;LIGN_ST_EXC_b1989;CHP;1994;;Germany;Waehlitz;31;0,255;51,17154275;12,11203826;40
P&L Werk KoennernKessel 1 und 2;LIGNITE;LIGN_ST_BKP;CHP;1993;;Germany;Koennern;20,3;0,22;51,67013481;11,79402035;149,6
Deuben Teuchern;LIGNITE;LIGN_ST_EXC_b1969;CHP;1970;2100;Germany;Teuchern;67;0,21;51,12862996;12,02460619;100
Grubenheizkraftwerk Seegebiet Mansfelder Land;LIGNITE;LIGN_ST_EXC_f2000;CHP;1979;;Germany;Seegebiet Mansfelder Land;49;0,315;51,47442522;11,67982244;189
LippendorfR Boehlen;LIGNITE;LIGN_ST_EXC_f2000;CHP;2000;;Germany;Boehlen;875;0,315;51,18317874;12,37397;230
Braunkohlekraftwerk LippendorfLIP S Boehlen;LIGNITE;LIGN_ST_EXC_b1999;CHP;1999;;Germany;Boehlen;875;0,27;51,18317874;12,37397;165
BoxbergN;LIGNITE;LIGN_ST_EXC_f2000;CHP;1979;;Germany;Boxberg;465;0,315;51,41868256;14,571069;60
BoxbergP;LIGNITE;LIGN_ST_EXC_b1989;CHP;1980;;Germany;Boxberg;465;0,255;51,41868256;14,571069;30
BoxbergQ;LIGNITE;LIGN_ST_EXC_f2000;CHP;2000;;Germany;Boxberg;857;0,315;51,41868256;14,571069;65
HKW Chemnitz  Nord IIBlock B;LIGNITE;LIGN_ST_EXC_b1989;CHP;1988;;Germany;Chemnitz;56,8;0,255;50,857746;12,923755;170
HKW Chemnitz  Nord IIBlock C;LIGNITE;LIGN_ST_EXC_b1989;CHP;1990;;Germany;Chemnitz;90,8;0,255;50,82845657;12,8713349;140
EBS-Kraftwerk Witzenhausen 1;Misc;WAST_ST_BKP_f2000;CHP;2009;;Germany;Witzenhausen;28;0,25;51,35105152;9,853645814;61
 Dortmund;Misc;WAST_ST_EXC_b1989;CHP;1989;;Germany;Dortmund;16;0,27;51,52984697;7,440979823;16
HuckingenA Duisburg-Huckingen;Misc;WAST_ST_EXC_f2000;CHP;1975;;Germany;Duisburg-Huckingen;303;0,33;51,3761543;6,723799472;34
HuckingenB Duisburg-Huckingen;Misc;WAST_ST_EXC_b1983;CHP;1976;;Germany;Duisburg-Huckingen;303;0,25;51,3761543;6,723799472;34
HKW Fenne, GrubengaskraftwerkGasmotorenanlage Fen;Misc;WAST_ST_EXC_f2000;CHP;2003;;Germany;Voelklingen-Fenne;42;0,33;49,22003227;6,805302312;42,7
Gichtgaskraftwerk Dillingen Dillingen/Saar;Misc;WAST_ST_BKP_f2000;CHP;2010;;Germany;Dillingen/Saar;85;0,25;49,3647852;6,737499354;230
EBS-Heizkraftwerk Eisenhuettenstadt;Misc;WAST_ST_EXC_f2000;CHP;2011;;Germany;Eisenhuettenstadt;23,5;0,33;52,16267179;14,56374152;80
IKW VEO Eisenhuettenstadt;Misc;WAST_ST_EXC_b1969;CHP;1970;;Germany;Eisenhuettenstadt;45;0,23;52,16267179;14,56374152;80
GKSentfaellt Schweinfurt;MUNI_WASTE;WAST_ST_EXC_b1989;CHP;1994;;Germany;Schweinfurt;24,4;0,27;50,03719229;10,20739252;19
MHKW Bremen 1;MUNI_WASTE;WAST_ST_BKP_f2000;CHP;2012;;Germany;Bremen;44;0,25;53,11339826;8,794391993;60
MHKW Burgkirchen;MUNI_WASTE;WAST_ST_EXC_b1989;CHP;1994;;Germany;Burgkirchen;12,5;0,27;48,14913549;12,71960021;44
Muellheizkraftwerk Kassel;MUNI_WASTE;WAST_ST_EXC_b1989;CHP;1985;;Germany;Kassel;14,7;0,27;51,2976283;9,52410538;80
EEW Stapelfeld GmbH;MUNI_WASTE;WAST_ST_BKP_b1983;CHP;1978;;Germany;Stapelfeld;16,4;0,19;53,61996424;10,20999603;48
MVA BielefeldLinien 1 - 3;MUNI_WASTE;WAST_ST_BKP_b1983;CHP;1981;;Germany;Bielefeld;34;0,19;52,04412053;8,575116562;75
MHKW FrankfurtT 3 (nur alleiniger Betrieb, kein g;MUNI_WASTE;WAST_ST_BKP_b1999;CHP;1998;;Germany;Frankfurt am Main;26;0,21;50,161562;8,635925;50
MHKW FrankfurtT 7 (nur alleiniger Betrieb, kein g;MUNI_WASTE;WAST_ST_EXC_f2000;CHP;2006;;Germany;Frankfurt am Main;46,5;0,33;50,161562;8,635925;100
Enertec HamelnLinien 1,3,4;MUNI_WASTE;WAST_ST_BKP_b1983;CHP;1970;2100;Germany;Hameln;13,2;0,19;52,08957506;9,397730639;19,02353
HKW Sandreuth Nuernberg;MUNI_WASTE;WAST_ST_EXC_b1999;CHP;1996;;Germany;Nuernberg;18;0,28;49,4268513;11,05567577;96,9
MVA IngolstadtMuellheizkraftwerk (MHKW);MUNI_WASTE;WAST_ST_BKP_b1989;CHP;1984;;Germany;Ingolstadt;25,5;0,2;48,78665699;11,44432197;50
Nord 11 Unterfoehring;MUNI_WASTE;WAST_ST_BKP_b1983;CHP;1992;;Germany;Unterfoehring;18;0,19;48,19200444;11,66363226;203
Nord 33 Unterfoehring;MUNI_WASTE;WAST_ST_BKP_b1983;CHP;1984;;Germany;Unterfoehring;22;0,19;48,19200444;11,66363226;147
HKW MannheimTurbine 60;MUNI_WASTE;WAST_ST_EXC_f2000;CHP;2009;;Germany;Mannheim;22,1;0,33;49,51644467;8,460246482;87
Restmuell-Heizkraftwerk Stuttgart-MuensterMueN DT19 ;MUNI_WASTE;WAST_ST_EXC_f2000;CHP;2009;;Germany;Stuttgart;13,4;0,33;48,81819098;9,201834054;79,60274
Muellheizkraftwerk Wuppertal;MUNI_WASTE;WAST_ST_BKP_b1983;CHP;1976;;Germany;Wuppertal;30;0,19;51,20931205;7,135663434;30
AHKW NeunkirchenLinie 3 + 4;MUNI_WASTE;WAST_ST_BKP_b1999;CHP;1999;;Germany;Neunkirchen;11,6;0,21;49,34065679;7,187355184;22
Heizkraftwerk Karlstrasse Bonn 1;MUNI_WASTE;WAST_ST_BKP_b1989;CHP;1991;;Germany;Bonn;12;0,2;50,72345594;7,093915917;110
DTFlingern T1 Duesseldorf;MUNI_WASTE;WAST_ST_EXC_f2000;CHP;2000;;Germany;Duesseldorf;53,7;0,33;51,2243519;6,811113161;100
KarnapB Essen;MUNI_WASTE;WAST_ST_BKP_b1983;CHP;1987;;Germany;Essen;38;0,19;51,51414644;7,007746362;130
AVEA MHKW Leverkusen entfaellt;MUNI_WASTE;WAST_ST_BKP_f2000;CHP;2011;;Germany;Leverkusen;11,6;0,25;51,03756756;6,987500237;50
GMVA NiederrheinAusspeisung 10/110kV (Turbine 2) ;MUNI_WASTE;WAST_ST_BKP_b1989;CHP;1990;;Germany;Oberhausen;40,4;0,2;51,47440672;6,834490254;47,88878
GMVA NiederrheinAusspeisung 10/25kV (Turbine 1) O;MUNI_WASTE;WAST_ST_BKP_f2000;CHP;2006;;Germany;Oberhausen;21,1;0,25;51,47440672;6,834490254;25,01122
MVA WeisweilerMVA Eschweiler-Weisweiler;MUNI_WASTE;WAST_ST_BKP_b1999;CHP;1996;;Germany;Eschweiler-Weisweiler;24;0,21;50,82906879;6,271472276;48
AVA GmbHAHKW Augsburg;MUNI_WASTE;WAST_ST_BKP_b1989;CHP;1993;;Germany;Augsburg;10;0,2;48,39600541;10,92551647;36
RZR Herten IRZR I;MUNI_WASTE;WAST_ST_BKP_b1983;CHP;1982;;Germany;Herten;15,5;0,19;51,58423057;7,147694054;37
Abfallentsorgungszentrum AsdonkshofMVA Kamp-Lintf;MUNI_WASTE;WAST_ST_BKP_b1999;CHP;1997;;Germany;Kamp-Lintfort;16;0,21;51,5168077;6,519224483;30
MKVA KrefeldTurbine 3;MUNI_WASTE;WAST_ST_BKP_b1989;CHP;1982;;Germany;Krefeld;13,5;0,2;51,37108712;6,641020845;36,86007
FHKW LudwigshafenFHKW;MUNI_WASTE;WAST_ST_BKP_b1983;CHP;1970;;Germany;Ludwigshafen;28,7;0,19;49,50847626;8,422351069;70
MHKW Pirmasens;MUNI_WASTE;WAST_ST_BKP_b1999;CHP;1999;;Germany;Pirmasens;15;0,21;49,20212115;7,564295075;17
AVA Velsen Saarbruecken-Velsen;MUNI_WASTE;WAST_ST_EXC_b1999;CHP;1997;;Germany;Saarbruecken-Velsen;15,5;0,28;49,2276939;6,87390901;21
AMK  Iserlohn;MUNI_WASTE;WAST_ST_BKP_b1989;CHP;1981;;Germany;Iserlohn;12,61;0,2;51,38690799;7,716955442;27,82206
IHKW Andernach;MUNI_WASTE;WAST_ST_BKP_f2000;CHP;2009;;Germany;Andernach;12,4;0,25;50,43235339;7,372722784;60
Muellheizkraftwerk Offenbach;MUNI_WASTE;WAST_ST_EXC_b1969;CHP;1972;;Germany;Offenbach;10,4;0,23;50,07414072;8,758161112;36
EBS-HKW Rostock;MUNI_WASTE;WAST_ST_BKP_f2000;CHP;2009;;Germany;Rostock;17;0,25;54,12779979;12,12752437;25
MVR Muellverwertung  Hamburg;MUNI_WASTE;WAST_ST_BKP_b1999;CHP;1999;;Germany;Hamburg;24;0,21;53,52442251;9,848821932;114
EEW Grossraeschen;MUNI_WASTE;WAST_ST_BKP_f2000;CHP;2008;;Germany;Grossraeschen;23,3;0,25;51,58434204;14,05165522;102
IKW Ruedersdorf Ruedersdorf bei Berlin;MUNI_WASTE;WAST_ST_BKP_f2000;CHP;2009;;Germany;Ruedersdorf bei Berlin;30;0,25;52,47575819;13,79929954;110
EVE Premnitz;MUNI_WASTE;WAST_ST_BKP_f2000;CHP;2009;;Germany;Premnitz;14,5;0,25;52,53544126;12,37808678;30
Kraftwerk Schwedt GmbH & Co.KG;MUNI_WASTE;WAST_ST_BKP_f2000;CHP;2011;;Germany;Schwedt;28,9;0,25;53,09787775;14,2721243;130
Hamburger Rieger Spremberg;MUNI_WASTE;WAST_ST_BKP_f2000;CHP;2013;;Germany;Spremberg;18,7;0,25;51,59200522;14,42853619;110
Reuter M Berlin;MUNI_WASTE;WAST_ST_BKP_b1999;CHP;1998;;Germany;Berlin;36;0,21;52,54979107;13,23798176;244
MHKW RothenseeBlock 1 Magdeburg;MUNI_WASTE;WAST_ST_BKP_f2000;CHP;2005;;Germany;Magdeburg;29,2;0,25;52,19356393;11,66423615;133,4
MHKW RothenseeBlock 2 Magdeburg;MUNI_WASTE;WAST_ST_BKP_f2000;CHP;2006;;Germany;Magdeburg;29,2;0,25;52,19356393;11,66423615;133,4
EVZA Energie- und Verwertungszentrale GmbH Stassfu;MUNI_WASTE;WAST_ST_BKP_f2000;CHP;2008;;Germany;Stassfurt;24;0,25;51,84167573;11,58172842;53,09091
Restabfallbehandlungsanlage1 Zella-Mehlis;MUNI_WASTE;WAST_ST_BKP_f2000;CHP;2007;;Germany;Zella-Mehlis;11,2;0,25;50,66424742;10,67843156;30
Kraftwerk Plattling;NAT_GAS;GAS_CC_BKP_f2000;CHP;2010;;Germany;Plattling;118,5;0,51;48,78193267;12,89787572;150
GKL Hannover;NAT_GAS;GAS_CC_BKP_b1999;CHP;2013;;Germany;Hannover;230;0,47;52,42;9,648611;185
HKW SandreuthGuD 1 Nuernberg;NAT_GAS;GAS_CC_BKP_f2000;CHP;2005;;Germany;Nuernberg;75;0,51;49,4268513;11,05567577;160
HKW SandreuthGuD 2 Nuernberg;NAT_GAS;GAS_CC_BKP_f2000;CHP;2005;;Germany;Nuernberg;75;0,51;49,4268513;11,05567577;160
HKW NiederradBlock 1 Frankfurt am Main;NAT_GAS;GAS_CC_EXC_f2000;CHP;2005;;Germany;Frankfurt am Main;70;0,56;50,06974657;8,640433594;120
Industriepark Werk Gendorf Burgkirchen;NAT_GAS;GAS_CC_BKP_f2000;CHP;2002;;Germany;Burgkirchen;73,1;0,51;48,14913549;12,71960021;90
GuD Kraftwerk HillegossenGuD Bielefeld;NAT_GAS;GAS_CC_EXC_f2000;CHP;2005;;Germany;Bielefeld;37,45;0,56;52,001257;8,617471;68,3
Heizkraftwerk FlensburgBlock 12;NAT_GAS;GAS_CC_EXC_f2000;CHP;2016;;Germany;Flensburg;78;0,56;54,80439976;9,418993401;66,33629
Obernburg1;NAT_GAS;GAS_GT_CH1_b1999;CHP;1995;;Germany;Obernburg;64;0,33;49,829267;9,14828;112
Wintershall Heringen;NAT_GAS;GAS_ST_BKP_b1983;CHP;1970;;Germany;Heringen;69;0,24;50,8914194;9,974610309;299
HKW Goettingen;NAT_GAS;GAS_GT_CH2_b1999;CHP;1998;;Germany;Goettingen;18,8;0,33;51,54197114;9,991006363;32,8
HKW ErlangenGuD I;NAT_GAS;GAS_CC_EXC_f2000;CHP;2005;;Germany;Erlangen;21,6;0,56;49,5878361;11,01206652;21,1
Heizkraftwerke an der FriedensbrueckeTSIII Wuerzbur;NAT_GAS;WAST_ST_EXC_b1969;CHP;1971;;Germany;Wuerzburg;23;0,23;49,81904956;9,915049056;24,73711
Heizkraftwerke an der FriedensbrueckeTSII Wuerzburg;NAT_GAS;WAST_ST_BKP_b1999;CHP;1993;;Germany;Wuerzburg;25;0,21;49,81904956;9,915049056;22,08572
Heizkraftwerke an der FriedensbrueckeGTII Wuerzburg;NAT_GAS;GAS_CC_BKP_f2000;CHP;2009;;Germany;Wuerzburg;29,5;0,51;49,81904956;9,915049056;26,06115
Heizkraftwerke an der FriedensbrueckeGTI Wuerzburg;NAT_GAS;GAS_CC_BKP_f2000;CHP;2005;;Germany;Wuerzburg;44,5;0,51;49,81904956;9,915049056;125
Cogeneration Neustadt;NAT_GAS;GAS_GT_CH2_b1999;CHP;1996;;Germany;Neustadt;25,4;0,33;;;42,18699
Kombi-HKW Kassel;NAT_GAS;GAS_CC_EXC_b1983;CHP;1987;;Germany;Kassel;50;0,44;51,28351901;9,464256806;45
Obernburg2;NAT_GAS;GAS_ST_EXC_b1969;CHP;1970;2100;Germany;Obernburg;36;0,3;49,829267;9,14828;33,47198
P&L Werk LageKessel 1/2/3;NAT_GAS;GAS_ST_EXC_b1989;CHP;1980;;Germany;Lage;10,2;0,35;51,98527812;8,77586021;16,16388
Kraftwerk Meggle Reithmehring;NAT_GAS;GAS_CC_EXC_f2000;CHP;2001;;Germany;Reithmehring;12,6;0,56;48,05532059;12,19653735;33,5
Sigmundshall Wunstorf;NAT_GAS;GAS_GT_CH1_b1999;CHP;1974;;Germany;Wunstorf;19;0,33;52,43848576;9,392167659;7,666667
HKW Schildescher Strasse Bielefeld 1;NAT_GAS;GAS_GT_CH2_b1983;CHP;1978;;Germany;Bielefeld;23,5;0,27;52,05161153;8,546374943;160
HKW-MitteBlock 12 Braunschweig;NAT_GAS;WAST_ST_BKP_b1983;CHP;1971;;Germany;Braunschweig;20;0,19;52,28190718;10,53546889;67,2
HKW-MitteGuD Braunschweig;NAT_GAS;GAS_CC_EXC_f2000;CHP;2010;;Germany;Braunschweig;74;0,56;52,28190718;10,53546889;67,245
HKW-NordGT Braunschweig;NAT_GAS;GAS_GT_CH2_b1969;CHP;1970;;Germany;Braunschweig;25;0,26;52,31085965;10,47499276;80
Dampfkraftwerk BGH - O1 Burghausen;NAT_GAS;GAS_ST_EXC_b1989;CHP;2001;;Germany;Burghausen;178;0,35;48,16337403;12,81146241;350
HKW Eltmann;NAT_GAS;GAS_ST_EXC_f2000;CHP;2008;;Germany;Eltmann;54;0,4;49,96142306;10,66904943;85,57348
HKW WestBlock 4 Frankfurt am Main;NAT_GAS;GAS_GT_CH1_b1999;CHP;1994;;Germany;Wolfsburg;99;0,33;50,098294;8,653205;150
Hattorf alt Philippsthal;NAT_GAS;GAS_ST_EXC_b1969;CHP;1970;;Germany;Philippsthal;35;0,3;50,85025812;9,975628019;37,64342
HKW-West Lemgo ;NAT_GAS;GAS_ST_EXC_f2000;CHP;2002;;Germany;Lemgo ;12,8;0,4;52,03706522;8,899451047;14,8
Cogen Dow Stade;NAT_GAS;COAL_ST_BKP_b1999;CHP;2013;;Germany;Stade;157;0,29;53,64581129;9,46971546;300
GuD Baunatal, VW Werksgelaende;NAT_GAS;GAS_GT_CH2_f2000;CHP;2013;;Germany;Baunatal;78;0,35;51,2508746;9,409065013;85
KWK AOS GmbHGT 1/2 Stade- Buetzfleth;NAT_GAS;GAS_GT_CH2_f2000;CHP;2012;;Germany;Stade- Buetzfleth;30,72;0,35;53,64581129;9,46971546;43,88572
HKW Schildescher Strasse Bielefeld 2;NAT_GAS;GAS_ST_EXC_b1969;CHP;1970;;Germany;Bielefeld;41;0,3;52,05161153;8,546374943;26,5
Hattorf neu Philippsthal;NAT_GAS;GAS_ST_EXC_f2000;CHP;2013;;Germany;Philippsthal;17,3;0,4;50,85025812;9,975628019;60
Werkskraftwerk Sappi AlfeldGaskraftwerk;NAT_GAS;GAS_ST_EXC_b1969;CHP;1970;;Germany;Alfeld;20;0,3;51,98873229;9,820776306;31,69388
Energiezentrale 1992AGG1 -  AGG7 Muenchen;NAT_GAS;GAS_GT_CH2_b1989;CHP;1992;;Germany;Muenchen;9,5;0,3;;;13,3
HBBGUD Raubling;NAT_GAS;GAS_CC_BKP_f2000;CHP;2000;;Germany;Raubling;24;0,51;47,789677;12,083621;70
PKV KraftwerkKWK-Bloecke Varel;NAT_GAS;GAS_ST_EXC_b1989;CHP;1989;;Germany;Varel;58,1;0,35;53,38931598;8,11581435;92,07072
GuD-Anlage Aschaffenburg;NAT_GAS;GAS_CC_EXC_f2000;CHP;2013;;Germany;Aschaffenburg;47;0,56;49,98150489;9,118020019;67
Heizkraftwerk zur Papierfabrik Nortrup;NAT_GAS;GAS_GT_CH1_b1999;CHP;1995;;Germany;Nortrup;18,1;0,33;52,61933899;7,873597554;25,85714
BHKW Braunschweig;NAT_GAS;GAS_GT_CH2_f2000;CHP;2014;;Germany;Braunschweig;10,2;0,35;52,31085965;10,47499276;16,94123
GUD-Anlage DREWSEN Lachendorf;NAT_GAS;GAS_CC_EXC_f2000;CHP;2000;;Germany;Lachendorf;13;0,56;52,62816879;10,24889519;11,48457
 Herzberg;NAT_GAS;GAS_ST_EXC_b1983;CHP;1978;;Germany;Herzberg;19,49;0,32;51,63025552;10,33733343;20,96201
Werk Nordstemmen;NAT_GAS;GAS_ST_EXC_b1969;CHP;1970;;Germany;Nordstemmen;30,6;0,3;52,16570763;9,7906988;48,49163
Werk Clauen Hohenhameln;NAT_GAS;GAS_ST_BKP_b1983;CHP;2000;;Germany;Hohenhameln;15,8;0,24;52,27068028;10,07742748;22,57143
Heizkraftwerk WestT3 Karlsruhe;NAT_GAS;COAL_ST_BKP_b1983;CHP;1984;;Germany;Karlsruhe;33;0,245;48,99969867;8,327559745;34,40176
GuD Anlage WVKGuD Anlage Freiburg;NAT_GAS;GAS_GT_CH1_b1999;CHP;1998;;Germany;Freiburg;40;0,33;48,04136305;7,831717684;54,61203
BHKW Obere Viehweide - Tuebingen;NAT_GAS;GAS_IC_CH1_f2000;CHP;2000;;Germany;Tuebingen;13,4;0,38;48,49332978;9,04284968;12
Kraftwerk Grenzach-Wyhlen;NAT_GAS;GAS_GT_CH2_f2000;CHP;2004;;Germany;Grenzach-Wyhlen;40;0,35;47,5537099;7,684622552;75
Heizkraftwerk SindelfingenS5 Sammelschienen-HKW;NAT_GAS;GAS_CC_EXC_f2000;CHP;2013;;Germany;Sindelfingen;95;0,56;;;60
KWKK Heidelberg;NAT_GAS;GAS_CC_EXC_f2000;CHP;2002;;Germany;Heidelberg;13,5;0,56;49,41657273;8,692723125;11,92629
IHKW HeidenheimKessel-Turbine;NAT_GAS;GAS_IC_CH1_b1989;CHP;1983;;Germany;Heidenheim;11;0,32;48,66702451;10,18530848;9,717715
IHKW HeidenheimBHKW-Anlage;NAT_GAS;GAS_CC_EXC_f2000;CHP;2000;;Germany;Heidenheim;15,4;0,56;48,66702451;10,18530848;13,6048
HKW PfaffenwaldAnlage 40 Stuttgart;NAT_GAS;GAS_GT_CH1_b1999;CHP;1988;;Germany;Stuttgart;12,1;0,33;48,74505736;9,08979478;17,28572
HKW PfaffenwaldBlock 50 Stuttgart;NAT_GAS;OIL_ST_BKP_b1983;CHP;1970;;Germany;Stuttgart;11,3;0,22;48,74505736;9,08979478;17,90704
HKW PfaffenwaldBlock 60 Stuttgart;NAT_GAS;OIL_ST_BKP_b1983;CHP;1970;;Germany;Stuttgart;11,5;0,22;48,74505736;9,08979478;18,22398
Heizkraftwerk Evonik Rheinfelden;NAT_GAS;GAS_GT_CH2_b1989;CHP;1980;;Germany;Rheinfelden;16;0,3;47,5878463;7,771857073;22,85714
HKW Freiburg;NAT_GAS;GAS_GT_CH1_b1999;CHP;2001;;Germany;Freiburg;25;0,33;48,00557217;7,842279817;39,61735
GuD-Anlage RuesselsheimM120 Ruesselheim;NAT_GAS;GAS_CC_EXC_b1999;CHP;1999;;Germany;Ruesselheim;112,1;0,52;49,990168;8,398549;88
Wi-BiebrichBlock 1 Wiesbaden;NAT_GAS;GAS_ST_EXC_f2000;CHP;2006;;Germany;Wiesbaden;25,015;0,4;50,03943936;8,242152512;39,64112
AGuD Duesseldorf;NAT_GAS;COAL_ST_BKP_b1969;CHP;2000;;Germany;Duesseldorf;100;0,23;51,22139096;6,731115088;75
EmslandB1 Lingen;NAT_GAS;GAS_GT_CH1_b1983;CHP;1973;;Germany;Lingen;116;0,27;52,47423158;7,317865227;32
EmslandC1 Lingen;NAT_GAS;GAS_GT_CH1_b1983;CHP;1974;;Germany;Lingen;116;0,27;52,47423158;7,317865227;32
Heizkraftwerk HafenGuD Muenster;NAT_GAS;GAS_CC_EXC_f2000;CHP;2005;;Germany;Muenster;104,1;0,56;51,9664621;7,651900833;120
HKW III/B Duisburg;NAT_GAS;GAS_CC_EXC_f2000;CHP;2005;;Germany;Duisburg;234;0,56;51,42337851;6,737139;167
HKW BarmenBlock 1 Wuppertal;NAT_GAS;GAS_ST_EXC_f2000;CHP;2005;;Germany;Wuppertal;82;0,4;51,27606211;7,205664866;110
ADS-Anlage Industriepark Hoechst;NAT_GAS;GAS_CC_EXC_f2000;CHP;2012;;Germany;Industriepark Hoechst;96,5;0,56;50,091284;8,530071;126
Sasol KraftwerkTG7/8 Moers;NAT_GAS;GAS_ST_EXC_f2000;CHP;1995;;Germany;Moers;22,3;0,4;51,46506792;6,654817245;35,33868
Holthausen Duesseldorf;NAT_GAS;GAS_ST_EXC_b1969;CHP;1970;;Germany;Duesseldorf;84;0,3;51,16846502;6,819770168;133,1143
Industriekraftwerk Ludwigshafen;NAT_GAS;GAS_ST_EXC_f2000;CHP;2003;;Germany;Ludwigshafen;11,96;0,4;49,46451175;8,421782932;40
 Annweiler;NAT_GAS;GAS_GT_CH2_f2000;CHP;1975;;Germany;Annweiler;28;0,35;49,23019244;7,936798659;40
Gas- u. Dampfturbinenanlage Suedraum Saarbruecken;NAT_GAS;GAS_GT_CH1_b1983;CHP;2012;;Germany;Saarbruecken;38,61;0,27;49,22262727;6,965854897;34
Heizkraftwerk Krefeld;NAT_GAS;GAS_GT_CH1_b1999;CHP;1990;;Germany;Krefeld;12,7;0,33;51,31368651;6,523060796;13,65919
BHKW H.120 Duesseldorf;NAT_GAS;GAS_GT_CH2_f2000;CHP;2012;;Germany;Duesseldorf;16,9;0,35;51,24948319;6,782396396;24,14286
 Bad Kreuznach;NAT_GAS;GAS_GT_CH2_f2000;CHP;2006;;Germany;Bad Kreuznach;10,7;0,35;49,82866824;7,875291355;15,28571
BP Werk Lingen;NAT_GAS;GAS_GT_CH1_b1999;CHP;1996;;Germany;Lingen;66;0,33;52,54136156;7,281548276;70,98475
HKW 1 Werk Offstein Obrigheim;NAT_GAS;GAS_GT_CH1_b1999;CHP;1992;;Germany;Obrigheim;30;0,33;51,46856287;6,859041088;32,26579
BHKW Woerth;NAT_GAS;GAS_GT_CH2_f2000;CHP;2013;;Germany;Woerth;13;0,35;;;11,4
KWK-Anlage Krefeld DTDampfturbine;NAT_GAS;GAS_CC_EXC_f2000;CHP;2004;;Germany;Krefeld;25,8;0,56;51,3304792;6,645323281;22,79246
Energiezentrum Mohn Media Guetersloh;NAT_GAS;GAS_GT_CH1_b1999;CHP;1994;;Germany;Guetersloh;25;0,33;51,92094273;8,372963172;59
GaskraftwerkGKW Zuelpich;NAT_GAS;GAS_CC_EXC_b1969;CHP;1970;;Germany;Zuelpich;15,1;0,38;50,705088;6,65386;13,72162
HKW 1 Oberhausen;NAT_GAS;GAS_ST_EXC_b1969;CHP;1972;;Germany;Obrigheim;23,1;0,3;51,46856287;6,859041088;36,60643
EmslandB2 Lingen;NAT_GAS;GAS_CC_EXC_b1983;CHP;1973;;Germany;Lingen;359;0,44;52,47423158;7,317865227;37
EmslandC2 Lingen;NAT_GAS;GAS_CC_EXC_b1983;CHP;1974;;Germany;Lingen;359;0,44;52,47423158;7,317865227;37
DortmundKDO;NAT_GAS;GAS_CC_EXC_f2000;CHP;2004;;Germany;Dortmund;26;0,56;51,5186001;7,516786703;29,43078
HKW Roemerbruecke Saarbruecken;NAT_GAS;GAS_CC_BKP_f2000;CHP;2005;;Germany;Saarbruecken;75;0,51;49,23058998;7,041957952;187
LauswardGuD Block F Duesseldorf;NAT_GAS;GAS_CC_EXC_f2000;CHP;2016;;Germany;Duesseldorf;595;0,56;51,22139096;6,731115088;330
Heizkraftwerk Hagen-KabelH4/5;NAT_GAS;GAS_CC_EXC_b1983;CHP;1980;2035;Germany;Hagen;230;0,44;51,411147;7,491435;108
HKW MerkenichGuD Koeln;NAT_GAS;GAS_CC_BKP_b1999;CHP;2004;;Germany;Koeln;108;0,47;51,04694896;6,877611699;80
Kraftwerk MainzKW3;NAT_GAS;GAS_CC_EXC_f2000;CHP;2001;;Germany;Mainz;434,2;0,56;50,025831;8,242313;115
HKW Niehl 2GuD Koeln;NAT_GAS;GAS_CC_EXC_f2000;CHP;2005;;Germany;Koeln;413;0,56;50,97492982;6,98803298;370
HKW Woerth;NAT_GAS;GAS_GT_CH1_b1999;CHP;2008;;Germany;Woerth;59;0,33;49,0362334;8,19092464;55
KW Leipheim;NAT_GAS;GAS_CC_EXC_b1969;CHP;2021;;Germany;Leipheim;600;0,38;48,432792;10,231269;530,0572
GasturbineGT Augsburg ;NAT_GAS;GAS_GT_CH1_f2000;CHP;2004;;Germany;Augsburg ;28,75;0,35;48,37992512;10,93770402;41,3
HKW Karcherstr.10 Kaiserslautern;NAT_GAS;GAS_ST_EXC_b1989;CHP;1989;;Germany;Kaiserslautern;11,6;0,35;49,43890458;7,769435647;12
X-Kraftwerk Leverkusen;NAT_GAS;GAS_GT_CH1_b1983;CHP;1981;;Germany;Leverkusen;27;0,27;;;18,9
Industriekraftwerk Breuberg;NAT_GAS;GAS_CC_EXC_b1999;CHP;1999;;Germany;Breuberg;11,4;0,52;49,82087471;9,041486065;10,35937
HKW MerheimGuD Koeln;NAT_GAS;GAS_CC_BKP_f2000;CHP;2001;;Germany;Koeln;15,8;0,51;50,94308239;7,085239192;29
GuD LeverkusenErdgas Chempark Leverkusen;NAT_GAS;GAS_CC_EXC_f2000;CHP;2018;;Germany;Chempark Leverkusen;574;0,56;51,011666;6,976436;520,6944
UPM SchongauHKW 3;NAT_GAS;GAS_ST_EXC_f2000;CHP;2014;;Germany;Schongau;76;0,4;47,80799581;10,89839665;75,28685
HKW Hiltrop Bochum 2;NAT_GAS;GAS_GT_CH2_b1983;CHP;2014;;Germany;Bochum;44;0,27;51,51356269;7,278288486;8,834287
Egger Kraftwerk BriilonGasturbinen - KWK - Anlage;NAT_GAS;GAS_GT_CH2_b1999;CHP;1996;;Germany;Brilon ;13,5;0,33;51,40845951;8,599935409;48
HKW III/A Duisburg;NAT_GAS;GAS_CC_EXC_f2000;CHP;2002;;Germany;Duisburg;40;0,56;51,38397475;6,758271861;88
HeizkraftwerkBlock A Industriepark Hoechst;NAT_GAS;GAS_ST_EXC_f2000;CHP;2003;;Germany;Industriepark Hoechst;86;0,4;50,091284;8,530071;204
KWK-Anlage Krefeld VMGasmotor (Dieselgenerator);NAT_GAS;GAS_CC_EXC_f2000;CHP;2004;;Germany;Krefeld;14;0,56;51,3304792;6,645323281;12,368
KW MitteGT 1 Ludwigshafen;NAT_GAS;GAS_GT_CH1_b1999;CHP;1992;;Germany;Ludwigshafen;43;0,33;49,51373442;8,431556407;39,0748
HKW 2 Oberhausen;NAT_GAS;GAS_GT_CH2_f2000;CHP;1995;;Germany;Obrigheim;24,5;0,35;51,46856287;6,859041088;17,15
EnergiezentraleGasturbine Castrop-Rauxel;NAT_GAS;GAS_GT_CH1_b1999;CHP;1991;;Germany;Castrop-Rauxel;10,2;0,33;51,57813031;7,286408358;9,268906
HeizkraftwerkGT Darmstadt ;NAT_GAS;GAS_GT_CH1_b1999;CHP;1999;;Germany;Darmstadt ;10;0,33;49,8828183;8,628718585;14,28571
MT, Dueren;NAT_GAS;GAS_ST_EXC_f2000;CHP;2011;;Germany;Dueren;13,96;0,4;50,80141991;6,472613976;22,12233
BHKW an KlinkerwegModule 1, 2 und 3 Erkrath;NAT_GAS;GAS_GT_CH2_f2000;CHP;2000;;Germany;Erkrath;10,2;0,35;51,21918033;6,928127225;10,7
P&L Werk AppeldornLentjes-Kessel Kalkar;NAT_GAS;GAS_ST_EXC_f2000;CHP;2004;;Germany;Kalkar;11,4;0,4;51,75064892;6,310189073;18,06551
HKW MerkenichBlock 4 Koeln;NAT_GAS;GAS_ST_EXC_b1969;CHP;1970;;Germany;Koeln;15,5;0,3;51,04694896;6,877611699;90
BHKW Ludwigshafen;NAT_GAS;GAS_ST_EXC_f2000;CHP;2008;;Germany;Ludwigshafen;12,45617;0,4;49,46451175;8,421782932;21
GasturbineD290 Wesseling;NAT_GAS;GAS_GT_CH1_b1999;CHP;1995;;Germany;Wesseling;51,9;0,33;50,81776327;6,980709297;86,20098
Co-Generation- Worms;NAT_GAS;GAS_GT_CH1_b1999;CHP;1991;;Germany;Worms;11,5;0,33;49,62689153;8,371567489;18,22398
Heizkraftwerk Karlstrasse Bonn 2;NAT_GAS;GAS_ST_EXC_f2000;CHP;2013;;Germany;Bonn;95;0,4;50,72345594;7,093915917;70
Kesselhaus Zuckerfabrik Anklam;NAT_GAS;GAS_ST_BKP_b1999;CHP;1993;;Germany;Anklam;15,1;0,27;53,85177397;13,70958134;23,92888
"HKW ""Helmshaeger Berg""Gasturbine Greifswald";NAT_GAS;GAS_GT_CH2_b1999;CHP;1996;;Germany;Greifswald;14,7;0,33;54,08939866;13,37893084;27,3
GuD-HKW Neubrandenburg;NAT_GAS;GAS_CC_EXC_b1999;CHP;1997;;Germany;Neubrandenburg;75;0,52;53,57483178;13,29221017;249
GuD Marienehe Rostock;NAT_GAS;GAS_CC_BKP_b1999;CHP;1996;;Germany;Rostock;108;0,47;54,10212195;12,04477941;120
HKW Schwerin Sued;NAT_GAS;GAS_CC_BKP_b1999;CHP;1994;;Germany;Schwerin;44,9;0,47;53,6021673;11,41104398;60
HKW Schwerin Lankow;NAT_GAS;GAS_CC_BKP_b1999;CHP;1994;;Germany;Schwerin;23;0,47;53,65178096;11,34974539;31,6
Industriekraftwerk Greifswald Lubmin;NAT_GAS;GAS_GT_CH2_f2000;CHP;2014;;Germany;Lubmin;37;0,35;54,09082944;13,61424831;54,5
GuD Tiefstack Hamburg;NAT_GAS;GAS_CC_BKP_f2000;CHP;2009;;Germany;Hamburg;127;0,51;53,52918914;10,13072722;170
HeizkraftwerkHKW Hamburg;NAT_GAS;GAS_GT_CH2_b1989;CHP;1992;;Germany;Hamburg;22,5;0,3;53,50457089;9,973690113;37,37037
HKW Brandenburg;NAT_GAS;GAS_GT_CH1_b1999;CHP;1997;;Germany;Brandenburg;36;0,33;52,43799233;12,49933467;80
HKW Potsdam-SuedGesamtanlage;NAT_GAS;GAS_CC_BKP_b1999;CHP;1996;;Germany;Potsdam;81,8;0,47;52,37052852;13,09820983;275
GuD Schwarzheide;NAT_GAS;GAS_CC_EXC_b1983;CHP;1994;;Germany;Schwarzheide;122;0,44;51,48284819;13,85695556;209
GuD Mitte Berlin;NAT_GAS;GAS_CC_BKP_b1999;CHP;1996;;Germany;Berlin;444;0,47;52,511718;13,420904;670
KWK-Anlage Barby-;NAT_GAS;GAS_GT_CH1_b1999;CHP;1993;;Germany;Barby;18;0,33;51,9713477;11,84768258;28,33333
Industriekraftwerk Bernburg (IKB);NAT_GAS;GAS_CC_BKP_b1999;CHP;1994;;Germany;Bernburg;35;0,47;51,79732754;11,74658983;232
GuD Bitterfeld;NAT_GAS;GAS_CC_EXC_f2000;CHP;2000;;Germany;Bitterfeld;106;0,56;51,62325179;12,35709963;110
HKW Halle TrothaBlock A und B;NAT_GAS;GAS_CC_EXC_b1999;CHP;2005;;Germany;Halle;97;0,52;51,45436898;11,99425441;55
HKW Halle TrothaGuD;NAT_GAS;GAS_CC_EXC_b1999;CHP;2013;;Germany;Halle;56,1;0,52;51,45436898;11,99425441;50
GuD Leuna;NAT_GAS;GAS_CC_BKP_b1999;CHP;1998;;Germany;Leuna;39;0,47;51,30788205;12,01430528;138
GuD-Ikw Stassfurt;NAT_GAS;GAS_CC_BKP_b1999;CHP;1996;;Germany;Stassfurt;100;0,47;51,84167573;11,58172842;160
Zielitz;NAT_GAS;GAS_IC_CH1_b1999;CHP;1996;;Germany;Zielitz;27;0,35;52,28434965;11,62411551;7,833333
SteinitzGUD;NAT_GAS;GAS_GT_CH1_b1999;CHP;1995;;Germany;Steinitz;11,35;0,33;52,80117941;11,24890518;10,02692
Heizkraftwerk Stendal;NAT_GAS;GAS_IC_CH1_b1999;CHP;1994;;Germany;Stendal;22;0,35;52,61404038;11,87592665;24,4
Werk Klein Wanzleben;NAT_GAS;GAS_ST_EXC_b1989;CHP;1994;;Germany;Klein Wanzleben;23,4;0,35;52,06580552;11,42103222;25,16732
HKW Chemnitz  Nord IIBlock A;NAT_GAS;LIGN_ST_BKP;CHP;1986;;Germany;Chemnitz;57,2;0,22;;;165
HKW Dresden-Nossener Bruecke (3 GT + 1 DT, Sammel;NAT_GAS;GAS_CC_EXC_b1999;CHP;1995;;Germany;Dresden ;250;0,52;51,042243;13,708764;480
Kombikraftwerk Eilenburg;NAT_GAS;GAS_CC_BKP_b1999;CHP;1993;;Germany;Eilenburg;46,6;0,47;51,49575767;12,68609339;40
Heizkraftwerk Leipzig-Nord;NAT_GAS;GAS_CC_BKP_b1999;CHP;1996;;Germany;Leipzig;167;0,47;51,35321585;12,36154403;200
K&N PFK AG EVGT / GDT Kriebstein;NAT_GAS;GAS_GT_CH1_b1999;CHP;1993;;Germany;Kriebstein;12,75;0,33;50,98867138;12,98527054;21,17654
EVC / GLOBALFOUNDRIESEVC I Moritzburg;NAT_GAS;GAS_ST_EXC_b1999;CHP;1998;;Germany;Moritzburg;34,7;0,36;51,16435976;13,68808622;62,1
STW Weissenborn;NAT_GAS;GAS_ST_EXC_f2000;CHP;2007;;Germany;Weissenborn;13,5;0,4;50,90976804;13,35049033;14,51961
GuD-Heizkraftwerk Leppersdorf;NAT_GAS;GAS_CC_EXC_f2000;CHP;2014;;Germany;Leppersdorf;35;0,56;51,13222043;13,91747786;31,80507
HKW Erfurt-Ost 1;NAT_GAS;GAS_CC_BKP_b1999;CHP;2000;;Germany;Erfurt;76,5;0,47;51,02547728;11,02801282;224
HKW Jena;NAT_GAS;GAS_CC_EXC_b1999;CHP;1996;;Germany;Jena;182;0,52;50,92348514;11,61523083;225
HKW Schwarza Rudolstadt;NAT_GAS;GAS_CC_EXC_f2000;CHP;2008;;Germany;Rudolstadt;26,5;0,56;50,75537764;11,34781765;23,41086
HKW Bad Salzungen;NAT_GAS;GAS_GT_CH2_b1989;CHP;1994;;Germany;Bad Salzungen;10;0,3;50,82724188;10,25324495;57
HKW Bohrhuegel Suhl;NAT_GAS;GAS_GT_CH2_f2000;CHP;1995;;Germany;Suhl;13,5;0,35;50,6384772;10,73560056;22,42222
Unterbreizbach;NAT_GAS;GAS_ST_EXC_b1969;CHP;1970;;Germany;Unterbreizbach;20;0,3;50,79907877;9,987158;7,833333
HKW Erfurt-Ost 2;NAT_GAS;GAS_ST_EXC_f2000;CHP;2014;;Germany;Erfurt;32,6;0,4;51,02547728;11,02801282;40
HKW Wiesengrund Eisenach;NAT_GAS;GAS_ST_BKP_b1999;CHP;1993;;Germany;Eisenach;22,1;0,27;50,99082255;10,3015717;79,5
Sued DT11 Muenchen;NAT_GAS;GAS_CC_EXC_b1983;CHP;1980;;Germany;Muenchen;79,7;0,44;48,1172998;11,54724508;176,8
Sued GT31 Muenchen;NAT_GAS;GAS_CC_EXC_b1983;CHP;1980;;Germany;Muenchen;97,9;0,44;48,1172998;11,54724508;176,8
Sued GT21 Muenchen;NAT_GAS;GAS_CC_EXC_b1983;CHP;1980;;Germany;Muenchen;97,9;0,44;48,1172998;11,54724508;184,2
Sued DT602 Muenchen;NAT_GAS;GAS_CC_EXC_f2000;CHP;2004;;Germany;Muenchen;127,6;0,56;48,1172998;11,54724508;181,1
Sued GT 602 Muenchen;NAT_GAS;GAS_CC_EXC_f2000;CHP;2004;;Germany;Muenchen;124,9;0,56;48,1172998;11,54724508;184,2
Sued GT 622 Muenchen;NAT_GAS;GAS_CC_EXC_f2000;CHP;2004;;Germany;Muenchen;123,9;0,56;48,1172998;11,54724508;110,2
Kraftwerk 3 Fulda;NAT_GAS;GAS_ST_EXC_b1989;CHP;1990;;Germany;Fulda;26,2;0,35;50,59351381;9,680142136;28,17879
Kraftwerk IIIBlock 311 Marl;NAT_GAS;GAS_GT_CH2_b1983;CHP;1973;;Germany;Marl;61,13;0,27;51,68786566;7,115999099;195
Kraftwerk IIIBlock 312 Marl;NAT_GAS;GAS_GT_CH2_b1983;CHP;1974;;Germany;Marl;77,57;0,27;51,68786566;7,115999099;195
Niehl IIIaNiehl III Koeln;NAT_GAS;GAS_CC_EXC_f2000;CHP;2016;;Germany;Koeln;459,9;0,56;50,97492982;6,98803298;405,2874
Block E GTE2 Duesseldorf;NAT_GAS;GAS_CC_EXC_b1969;CHP;1974;;Germany;Duesseldorf;64,7;0,38;51,20573177;6,746321209;58,79394
Block E GTE1 Duesseldorf;NAT_GAS;GAS_CC_EXC_b1969;CHP;1974;;Germany;Duesseldorf;66,7;0,38;51,20573177;6,746321209;60,61137
EmslandGT 1 GT 2 DT Lingen;NAT_GAS;GAS_CC_EXC_f2000;CHP;2010;;Germany;Lingen;887;0,56;;;242,9429
Kraftwerk SuedGUD C 200 DT 1 GT 1 GT 2 Ludwigshafen;NAT_GAS;GAS_CC_BKP_f2000;CHP;1997;;Germany;Ludwigshafen;410;0,51;;;420
Kraftwerk MitteGUD A 800 DT 10 GT 11 GT 12 Ludwigshafen;NAT_GAS;GAS_CC_BKP_b1999;CHP;2005;;Germany;Ludwigshafen;490;0,47;;;540
